12431508,asdfqw,asdf!123,asdf@naver.com,01012341234,
17994421,moonsejeonog,A!25381199,moonsejeong119@naver.com,01025381199,
18603234,asdfer,adsf!454,asd@gmai.com,01057683248,
16293895,adsaqwq,af!adsaf123,ads@afsda.da,01011111111,
18484352,asdfwq,adasf!@341,asd@asdf.32,01056743843,
10963700,asdfeq,dsaf!2313,asdf!@asfs.safwe,01015971578,
18008908,asdfgh,asdf!123,adfa@naver.com,01011185867,
13363048,asdfzx,asdf123*,qwer@naver.com,01010041004,
16533751,asdfgg,asdf#123,dilf@naver.com,01015557897,
13669521,honggyun,123123.aA,awerlk@awlekr.net,12312312311,
12059304,adafas,asdf@123,asdf@saf.asf,0101234978,
18538483,iot510,aiot@510,aiot@gmail.com,01051005100,
19459018,asdfwe,asdf@123,asdf@gmail.com,01011151116,
15121173,asdfgr,asdf123!,asdfqw@naver.com,01011161117,
12144445,dfdfdf,asdf!123,asdfdf@naver.com,01015151616,
16074781,asdfhh,asdf@123,asdf@qwer.com,01015670123,
15409740,wfdsfa,asdf@dsaf12,asdfads@naver.com,0109849497,
